Vieta;Pults #;Vārds;Komanda;Kopējie Punkti;Kārtas Punkti;Apdomas Laiks (s);Milisekundes;Statuss
1;30;"Dalībnieks #30";"Ātrie Prāti";220;0;6.29;6292;Bots
2;195;"Dalībnieks #195";"3. Galdiņš";217;0;8.25;8252;Bots
3;231;"Dalībnieks #231";"Zelta Bulta";196;0;22.79;22785;Bots
4;332;"Dalībnieks #332";"Gudrinieki";196;0;26.51;26506;Bots
5;337;"Dalībnieks #337";"5. Galdiņš";189;0;29.11;29105;Bots
6;467;"Dalībnieks #467";"5. Galdiņš";181;0;34.23;34232;Bots
7;470;"Dalībnieks #470";"Ātrie Prāti";180;0;32.01;32012;Bots
8;424;"Dalībnieks #424";"2. Galdiņš";175;0;32.55;32548;Bots
9;387;"Dalībnieks #387";"5. Galdiņš";175;0;45.03;45035;Bots
10;167;"Dalībnieks #167";"5. Galdiņš";174;0;40.23;40232;Bots
11;1;"art";"skeeps";168;0;6.46;6464;Aktīvs
12;31;"Dalībnieks #31";"Zelta Bulta";167;0;29.30;29303;Bots
13;2;"Jānis ♥️";"skeeps";149;0;17.17;17167;Aktīvs
14;463;"Dalībnieks #463";"1. Galdiņš";142;0;47.02;47021;Bots
15;401;"Dalībnieks #401";"Zelta Bulta";140;0;8.19;8192;Bots
16;476;"Dalībnieks #476";"4. Galdiņš";137;0;12.80;12805;Bots
17;186;"Dalībnieks #186";"4. Galdiņš";134;0;12.73;12730;Bots
18;224;"Dalībnieks #224";"2. Galdiņš";131;0;21.84;21843;Bots
19;433;"Dalībnieks #433";"1. Galdiņš";130;0;32.61;32611;Bots
20;173;"Dalībnieks #173";"1. Galdiņš";129;0;14.21;14209;Bots
21;297;"Dalībnieks #297";"5. Galdiņš";129;0;14.39;14394;Bots
22;271;"Dalībnieks #271";"Zelta Bulta";127;0;21.73;21725;Bots
23;483;"Dalībnieks #483";"1. Galdiņš";127;0;29.63;29629;Bots
24;391;"Dalībnieks #391";"Zelta Bulta";126;0;15.12;15120;Bots
25;128;"Dalībnieks #128";"VIP Galdiņš";126;0;19.56;19562;Bots
26;298;"Dalībnieks #298";"VIP Galdiņš";124;0;30.43;30431;Bots
27;39;"Dalībnieks #39";"Čempioni";122;0;28.06;28063;Bots
28;488;"Dalībnieks #488";"VIP Galdiņš";121;0;17.64;17638;Bots
29;236;"Dalībnieks #236";"4. Galdiņš";121;0;18.02;18022;Bots
30;323;"Dalībnieks #323";"1. Galdiņš";121;0;18.17;18168;Bots
31;248;"Dalībnieks #248";"VIP Galdiņš";120;0;10.36;10360;Bots
32;313;"Dalībnieks #313";"1. Galdiņš";120;0;19.23;19229;Bots
33;370;"Dalībnieks #370";"Ātrie Prāti";120;0;19.94;19943;Bots
34;281;"Dalībnieks #281";"Zelta Bulta";120;0;25.75;25748;Bots
35;425;"Dalībnieks #425";"3. Galdiņš";119;0;25.10;25100;Bots
36;193;"Dalībnieks #193";"1. Galdiņš";119;0;28.66;28656;Bots
37;263;"Dalībnieks #263";"1. Galdiņš";118;0;24.71;24711;Bots
38;194;"Dalībnieks #194";"2. Galdiņš";116;0;23.27;23266;Bots
39;415;"Dalībnieks #415";"3. Galdiņš";116;0;32.23;32232;Bots
40;342;"Dalībnieks #342";"Gudrinieki";115;0;28.74;28742;Bots
41;211;"Dalībnieks #211";"Zelta Bulta";114;0;25.46;25457;Bots
42;117;"Dalībnieks #117";"5. Galdiņš";112;0;27.83;27834;Bots
43;202;"Dalībnieks #202";"Gudrinieki";112;0;28.76;28761;Bots
44;137;"Dalībnieks #137";"5. Galdiņš";112;0;35.91;35911;Bots
45;72;"Dalībnieks #72";"Gudrinieki";111;0;34.75;34753;Bots
46;360;"Dalībnieks #360";"Ātrie Prāti";110;0;35.66;35662;Bots
47;284;"Dalībnieks #284";"2. Galdiņš";110;0;44.68;44684;Bots
48;435;"Dalībnieks #435";"3. Galdiņš";109;0;31.81;31808;Bots
49;314;"Dalībnieks #314";"2. Galdiņš";108;0;26.62;26620;Bots
50;285;"Dalībnieks #285";"3. Galdiņš";108;0;28.99;28987;Bots
51;190;"Dalībnieks #190";"Ātrie Prāti";108;0;34.24;34238;Bots
52;484;"Dalībnieks #484";"2. Galdiņš";107;0;27.09;27087;Bots
53;288;"Dalībnieks #288";"VIP Galdiņš";107;0;33.66;33656;Bots
54;372;"Dalībnieks #372";"Gudrinieki";107;0;36.08;36081;Bots
55;34;"Dalībnieks #34";"2. Galdiņš";107;0;37.38;37380;Bots
56;334;"Dalībnieks #334";"2. Galdiņš";106;0;33.94;33940;Bots
57;257;"Dalībnieks #257";"5. Galdiņš";106;0;39.27;39272;Bots
58;402;"Dalībnieks #402";"Gudrinieki";105;0;32.28;32278;Bots
59;282;"Dalībnieks #282";"Gudrinieki";103;0;31.36;31358;Bots
60;59;"Dalībnieks #59";"Čempioni";103;0;31.97;31968;Bots
61;110;"Dalībnieks #110";"Ātrie Prāti";103;0;33.82;33819;Bots
62;46;"Dalībnieks #46";"4. Galdiņš";103;0;35.76;35762;Bots
63;134;"Dalībnieks #134";"2. Galdiņš";103;0;38.57;38572;Bots
64;389;"Dalībnieks #389";"Čempioni";103;0;51.19;51188;Bots
65;388;"Dalībnieks #388";"VIP Galdiņš";101;0;33.07;33072;Bots
66;287;"Dalībnieks #287";"5. Galdiņš";100;0;29.71;29714;Bots
67;126;"Dalībnieks #126";"4. Galdiņš";99;0;37.20;37200;Bots
68;251;"Dalībnieks #251";"Zelta Bulta";99;0;45.81;45809;Bots
69;237;"Dalībnieks #237";"5. Galdiņš";98;0;5.08;5075;Bots
70;461;"Dalībnieks #461";"Zelta Bulta";98;0;34.35;34354;Bots
71;264;"Dalībnieks #264";"2. Galdiņš";98;0;52.26;52255;Bots
72;153;"Dalībnieks #153";"1. Galdiņš";97;0;10.47;10474;Bots
73;384;"Dalībnieks #384";"2. Galdiņš";97;0;25.60;25602;Bots
74;486;"Dalībnieks #486";"4. Galdiņš";97;0;26.37;26371;Bots
75;86;"Dalībnieks #86";"4. Galdiņš";97;0;38.59;38590;Bots
76;155;"Dalībnieks #155";"3. Galdiņš";96;0;13.79;13795;Bots
77;185;"Dalībnieks #185";"3. Galdiņš";96;0;20.97;20972;Bots
78;419;"Dalībnieks #419";"Čempioni";96;0;44.83;44830;Bots
79;121;"Dalībnieks #121";"Zelta Bulta";95;0;9.37;9370;Bots
80;452;"Dalībnieks #452";"Gudrinieki";95;0;10.48;10480;Bots
81;306;"Dalībnieks #306";"4. Galdiņš";95;0;11.90;11901;Bots
82;256;"Dalībnieks #256";"4. Galdiņš";95;0;43.14;43141;Bots
83;427;"Dalībnieks #427";"5. Galdiņš";95;0;49.24;49241;Bots
84;12;"Dalībnieks #12";"Gudrinieki";94;0;29.26;29258;Bots
85;50;"Dalībnieks #50";"Ātrie Prāti";94;0;40.63;40626;Bots
86;423;"Dalībnieks #423";"1. Galdiņš";94;0;43.62;43621;Bots
87;462;"Dalībnieks #462";"Gudrinieki";93;0;28.19;28190;Bots
88;316;"Dalībnieks #316";"4. Galdiņš";93;0;44.37;44371;Bots
89;302;"Dalībnieks #302";"Gudrinieki";92;0;40.39;40388;Bots
90;247;"Dalībnieks #247";"5. Galdiņš";91;0;13.66;13656;Bots
91;480;"Dalībnieks #480";"Ātrie Prāti";91;0;16.04;16039;Bots
92;150;"Dalībnieks #150";"Ātrie Prāti";90;0;28.53;28533;Bots
93;5;"Dalībnieks #5";"3. Galdiņš";90;0;43.81;43811;Bots
94;368;"Dalībnieks #368";"VIP Galdiņš";89;0;17.30;17299;Bots
95;448;"Dalībnieks #448";"VIP Galdiņš";89;0;23.30;23304;Bots
96;172;"Dalībnieks #172";"Gudrinieki";88;0;9.71;9705;Bots
97;213;"Dalībnieks #213";"1. Galdiņš";87;0;39.91;39913;Bots
98;62;"Dalībnieks #62";"Gudrinieki";86;0;14.25;14253;Bots
99;179;"Dalībnieks #179";"Čempioni";85;0;38.18;38176;Bots
100;77;"Dalībnieks #77";"5. Galdiņš";83;0;25.71;25706;Bots
101;310;"Dalībnieks #310";"Ātrie Prāti";83;0;50.34;50339;Bots
102;258;"Dalībnieks #258";"VIP Galdiņš";83;0;51.48;51475;Bots
103;312;"Dalībnieks #312";"Gudrinieki";82;0;17.26;17261;Bots
104;474;"Dalībnieks #474";"2. Galdiņš";82;0;22.90;22902;Bots
105;303;"Dalībnieks #303";"1. Galdiņš";82;0;26.35;26349;Bots
106;475;"Dalībnieks #475";"3. Galdiņš";82;0;34.09;34087;Bots
107;321;"Dalībnieks #321";"Zelta Bulta";82;0;51.33;51326;Bots
108;261;"Dalībnieks #261";"Zelta Bulta";81;0;52.42;52419;Bots
109;446;"Dalībnieks #446";"4. Galdiņš";80;0;11.09;11087;Bots
110;205;"Dalībnieks #205";"3. Galdiņš";79;0;41.99;41992;Bots
111;200;"Dalībnieks #200";"Ātrie Prāti";79;0;53.52;53519;Bots
112;331;"Dalībnieks #331";"Zelta Bulta";77;0;15.25;15247;Bots
113;357;"Dalībnieks #357";"5. Galdiņš";77;0;20.35;20352;Bots
114;127;"Dalībnieks #127";"5. Galdiņš";77;0;36.32;36317;Bots
115;241;"Dalībnieks #241";"Zelta Bulta";76;0;14.44;14441;Bots
116;252;"Dalībnieks #252";"Gudrinieki";75;0;24.98;24977;Bots
117;245;"Dalībnieks #245";"3. Galdiņš";74;0;27.32;27318;Bots
118;267;"Dalībnieks #267";"5. Galdiņš";74;0;29.93;29925;Bots
119;18;"Dalībnieks #18";"VIP Galdiņš";74;0;43.50;43496;Bots
120;259;"Dalībnieks #259";"Čempioni";73;0;26.24;26241;Bots
121;83;"Dalībnieks #83";"1. Galdiņš";73;0;26.71;26715;Bots
122;184;"Dalībnieks #184";"2. Galdiņš";73;0;35.16;35160;Bots
123;394;"Dalībnieks #394";"2. Galdiņš";72;0;24.98;24977;Bots
124;23;"Dalībnieks #23";"1. Galdiņš";72;0;36.51;36514;Bots
125;187;"Dalībnieks #187";"5. Galdiņš";72;0;52.54;52544;Bots
126;203;"Dalībnieks #203";"1. Galdiņš";71;0;23.22;23223;Bots
127;412;"Dalībnieks #412";"Gudrinieki";71;0;35.45;35452;Bots
128;78;"Dalībnieks #78";"VIP Galdiņš";70;0;26.95;26952;Bots
129;268;"Dalībnieks #268";"VIP Galdiņš";70;0;33.99;33988;Bots
130;498;"Dalībnieks #498";"VIP Galdiņš";70;0;47.68;47680;Bots
131;3;"Dalībnieks #3";"1. Galdiņš";69;0;27.81;27813;Bots
132;239;"Dalībnieks #239";"Čempioni";69;0;39.08;39075;Bots
133;371;"Dalībnieks #371";"Zelta Bulta";69;0;46.48;46480;Bots
134;35;"Dalībnieks #35";"3. Galdiņš";69;0;50.77;50775;Bots
135;181;"Dalībnieks #181";"Zelta Bulta";68;0;25.69;25694;Bots
136;91;"Dalībnieks #91";"Zelta Bulta";68;0;33.94;33941;Bots
137;201;"Dalībnieks #201";"Zelta Bulta";68;0;37.67;37669;Bots
138;317;"Dalībnieks #317";"5. Galdiņš";68;0;42.79;42790;Bots
139;442;"Dalībnieks #442";"Gudrinieki";67;0;40.77;40773;Bots
140;226;"Dalībnieks #226";"4. Galdiņš";67;0;47.07;47074;Bots
141;130;"Dalībnieks #130";"Ātrie Prāti";66;0;40.52;40518;Bots
142;227;"Dalībnieks #227";"5. Galdiņš";64;0;21.29;21293;Bots
143;333;"Dalībnieks #333";"1. Galdiņš";64;0;28.94;28943;Bots
144;479;"Dalībnieks #479";"Čempioni";61;0;30.00;29997;Bots
145;290;"Dalībnieks #290";"Ātrie Prāti";60;0;42.96;42962;Bots
146;456;"Dalībnieks #456";"4. Galdiņš";60;0;48.44;48438;Bots
147;114;"Dalībnieks #114";"2. Galdiņš";59;0;43.80;43796;Bots
148;455;"Dalībnieks #455";"3. Galdiņš";58;0;34.57;34570;Bots
149;119;"Dalībnieks #119";"Čempioni";58;0;39.41;39411;Bots
150;197;"Dalībnieks #197";"5. Galdiņš";56;0;36.71;36710;Bots
151;418;"Dalībnieks #418";"VIP Galdiņš";56;0;42.62;42618;Bots
152;255;"Dalībnieks #255";"3. Galdiņš";56;0;48.23;48235;Bots
153;163;"Dalībnieks #163";"1. Galdiņš";55;0;40.76;40764;Bots
154;344;"Dalībnieks #344";"2. Galdiņš";55;0;46.95;46945;Bots
155;112;"Dalībnieks #112";"Gudrinieki";55;0;54.47;54473;Bots
156;40;"Dalībnieks #40";"Ātrie Prāti";53;0;54.61;54613;Bots
157;397;"Dalībnieks #397";"5. Galdiņš";52;0;50.19;50191;Bots
158;60;"Dalībnieks #60";"Ātrie Prāti";52;0;57.95;57951;Bots
159;495;"Dalībnieks #495";"3. Galdiņš";51;0;29.56;29560;Bots
160;16;"Dalībnieks #16";"4. Galdiņš";50;0;6.29;6293;Bots
161;159;"Dalībnieks #159";"Čempioni";50;0;9.93;9933;Bots
162;356;"Dalībnieks #356";"4. Galdiņš";50;0;11.78;11776;Bots
163;164;"Dalībnieks #164";"2. Galdiņš";50;0;12.71;12711;Bots
164;219;"Dalībnieks #219";"Čempioni";50;0;12.73;12732;Bots
165;149;"Dalībnieks #149";"Čempioni";50;0;14.37;14366;Bots
166;124;"Dalībnieks #124";"2. Galdiņš";50;0;17.23;17229;Bots
167;143;"Dalībnieks #143";"1. Galdiņš";50;0;19.75;19755;Bots
168;428;"Dalībnieks #428";"VIP Galdiņš";49;0;5.32;5322;Bots
169;63;"Dalībnieks #63";"1. Galdiņš";49;0;8.14;8136;Bots
170;76;"Dalībnieks #76";"4. Galdiņš";49;0;9.41;9410;Bots
171;79;"Dalībnieks #79";"Čempioni";49;0;12.88;12883;Bots
172;330;"Dalībnieks #330";"Ātrie Prāti";49;0;12.99;12990;Bots
173;493;"Dalībnieks #493";"1. Galdiņš";49;0;15.02;15018;Bots
174;382;"Dalībnieks #382";"Gudrinieki";49;0;25.99;25992;Bots
175;386;"Dalībnieks #386";"4. Galdiņš";49;0;28.15;28149;Bots
176;169;"Dalībnieks #169";"Čempioni";49;0;28.23;28232;Bots
177;199;"Dalībnieks #199";"Čempioni";48;0;5.04;5044;Bots
178;235;"Dalībnieks #235";"3. Galdiņš";48;0;5.21;5207;Bots
179;482;"Dalībnieks #482";"Gudrinieki";48;0;10.28;10279;Bots
180;270;"Dalībnieks #270";"Ātrie Prāti";48;0;10.41;10413;Bots
181;242;"Dalībnieks #242";"Gudrinieki";48;0;14.31;14310;Bots
182;19;"Dalībnieks #19";"Čempioni";48;0;18.64;18636;Bots
183;459;"Dalībnieks #459";"Čempioni";48;0;18.82;18821;Bots
184;20;"Dalībnieks #20";"Ātrie Prāti";48;0;19.73;19725;Bots
185;390;"Dalībnieks #390";"Ātrie Prāti";48;0;25.16;25162;Bots
186;275;"Dalībnieks #275";"3. Galdiņš";48;0;38.93;38933;Bots
187;468;"Dalībnieks #468";"VIP Galdiņš";47;0;24.64;24640;Bots
188;218;"Dalībnieks #218";"VIP Galdiņš";47;0;25.52;25517;Bots
189;98;"Dalībnieks #98";"VIP Galdiņš";47;0;29.84;29835;Bots
190;48;"Dalībnieks #48";"VIP Galdiņš";47;0;31.51;31514;Bots
191;6;"Dalībnieks #6";"4. Galdiņš";46;0;11.22;11225;Bots
192;233;"Dalībnieks #233";"1. Galdiņš";46;0;15.80;15805;Bots
193;409;"Dalībnieks #409";"Čempioni";46;0;25.16;25162;Bots
194;182;"Dalībnieks #182";"Gudrinieki";46;0;28.70;28703;Bots
195;212;"Dalībnieks #212";"Gudrinieki";46;0;29.17;29171;Bots
196;191;"Dalībnieks #191";"Zelta Bulta";46;0;31.32;31316;Bots
197;465;"Dalībnieks #465";"3. Galdiņš";45;0;8.88;8878;Bots
198;28;"Dalībnieks #28";"VIP Galdiņš";45;0;11.55;11554;Bots
199;379;"Dalībnieks #379";"Čempioni";45;0;13.81;13808;Bots
200;69;"Dalībnieks #69";"Čempioni";45;0;13.93;13926;Bots
201;165;"Dalībnieks #165";"3. Galdiņš";45;0;16.59;16586;Bots
202;24;"Dalībnieks #24";"2. Galdiņš";45;0;19.93;19934;Bots
203;376;"Dalībnieks #376";"4. Galdiņš";45;0;21.90;21903;Bots
204;73;"Dalībnieks #73";"1. Galdiņš";45;0;29.82;29821;Bots
205;363;"Dalībnieks #363";"1. Galdiņš";45;0;34.48;34480;Bots
206;97;"Dalībnieks #97";"5. Galdiņš";44;0;17.35;17354;Bots
207;431;"Dalībnieks #431";"Zelta Bulta";44;0;18.82;18823;Bots
208;208;"Dalībnieks #208";"VIP Galdiņš";44;0;23.93;23934;Bots
209;294;"Dalībnieks #294";"2. Galdiņš";44;0;24.47;24473;Bots
210;496;"Dalībnieks #496";"4. Galdiņš";44;0;26.54;26538;Bots
211;84;"Dalībnieks #84";"2. Galdiņš";44;0;28.14;28145;Bots
212;232;"Dalībnieks #232";"Gudrinieki";44;0;28.37;28371;Bots
213;421;"Dalībnieks #421";"Zelta Bulta";44;0;30.42;30424;Bots
214;260;"Dalībnieks #260";"Ātrie Prāti";43;0;23.95;23954;Bots
215;464;"Dalībnieks #464";"2. Galdiņš";43;0;25.63;25631;Bots
216;151;"Dalībnieks #151";"Zelta Bulta";43;0;28.38;28383;Bots
217;243;"Dalībnieks #243";"1. Galdiņš";43;0;30.03;30028;Bots
218;466;"Dalībnieks #466";"4. Galdiņš";43;0;43.85;43854;Bots
219;136;"Dalībnieks #136";"4. Galdiņš";42;0;11.04;11035;Bots
220;70;"Dalībnieks #70";"Ātrie Prāti";42;0;12.05;12051;Bots
221;103;"Dalībnieks #103";"1. Galdiņš";42;0;12.65;12651;Bots
222;319;"Dalībnieks #319";"Čempioni";42;0;12.78;12780;Bots
223;339;"Dalībnieks #339";"Čempioni";42;0;13.72;13722;Bots
224;240;"Dalībnieks #240";"Ātrie Prāti";42;0;18.26;18256;Bots
225;304;"Dalībnieks #304";"2. Galdiņš";42;0;25.37;25372;Bots
226;490;"Dalībnieks #490";"Ātrie Prāti";42;0;31.80;31797;Bots
227;350;"Dalībnieks #350";"Ātrie Prāti";42;0;36.14;36143;Bots
228;180;"Dalībnieks #180";"Ātrie Prāti";42;0;36.85;36851;Bots
229;497;"Dalībnieks #497";"5. Galdiņš";42;0;37.23;37225;Bots
230;326;"Dalībnieks #326";"4. Galdiņš";41;0;12.24;12243;Bots
231;277;"Dalībnieks #277";"5. Galdiņš";41;0;17.62;17618;Bots
232;460;"Dalībnieks #460";"Ātrie Prāti";41;0;18.93;18928;Bots
233;220;"Dalībnieks #220";"Ātrie Prāti";41;0;21.35;21354;Bots
234;318;"Dalībnieks #318";"VIP Galdiņš";41;0;28.46;28456;Bots
235;383;"Dalībnieks #383";"1. Galdiņš";41;0;36.16;36165;Bots
236;362;"Dalībnieks #362";"Gudrinieki";41;0;36.39;36389;Bots
237;392;"Dalībnieks #392";"Gudrinieki";41;0;37.67;37671;Bots
238;405;"Dalībnieks #405";"3. Galdiņš";40;0;12.98;12981;Bots
239;196;"Dalībnieks #196";"4. Galdiņš";40;0;14.68;14679;Bots
240;135;"Dalībnieks #135";"3. Galdiņš";40;0;20.47;20470;Bots
241;108;"Dalībnieks #108";"VIP Galdiņš";40;0;27.41;27406;Bots
242;37;"Dalībnieks #37";"5. Galdiņš";40;0;37.69;37687;Bots
243;32;"Dalībnieks #32";"Gudrinieki";40;0;38.48;38475;Bots
244;491;"Dalībnieks #491";"Zelta Bulta";39;0;15.38;15382;Bots
245;122;"Dalībnieks #122";"Gudrinieki";39;0;15.95;15946;Bots
246;176;"Dalībnieks #176";"4. Galdiņš";39;0;18.61;18614;Bots
247;373;"Dalībnieks #373";"1. Galdiņš";39;0;24.35;24353;Bots
248;426;"Dalībnieks #426";"4. Galdiņš";39;0;26.63;26626;Bots
249;183;"Dalībnieks #183";"1. Galdiņš";39;0;26.99;26990;Bots
250;439;"Dalībnieks #439";"Čempioni";39;0;28.34;28343;Bots
251;99;"Dalībnieks #99";"Čempioni";39;0;40.67;40674;Bots
252;322;"Dalībnieks #322";"Gudrinieki";39;0;40.89;40893;Bots
253;404;"Dalībnieks #404";"2. Galdiņš";38;0;16.01;16008;Bots
254;436;"Dalībnieks #436";"4. Galdiņš";38;0;19.22;19222;Bots
255;222;"Dalībnieks #222";"Gudrinieki";38;0;20.23;20226;Bots
256;441;"Dalībnieks #441";"Zelta Bulta";38;0;24.33;24334;Bots
257;54;"Dalībnieks #54";"2. Galdiņš";38;0;29.34;29336;Bots
258;74;"Dalībnieks #74";"2. Galdiņš";38;0;33.85;33848;Bots
259;157;"Dalībnieks #157";"5. Galdiņš";38;0;37.07;37073;Bots
260;106;"Dalībnieks #106";"4. Galdiņš";38;0;38.53;38533;Bots
261;430;"Dalībnieks #430";"Ātrie Prāti";38;0;39.57;39567;Bots
262;292;"Dalībnieks #292";"Gudrinieki";37;0;17.34;17335;Bots
263;440;"Dalībnieks #440";"Ātrie Prāti";37;0;20.53;20527;Bots
264;283;"Dalībnieks #283";"1. Galdiņš";37;0;21.02;21017;Bots
265;454;"Dalībnieks #454";"2. Galdiņš";37;0;27.12;27122;Bots
266;420;"Dalībnieks #420";"Ātrie Prāti";37;0;31.20;31205;Bots
267;262;"Dalībnieks #262";"Gudrinieki";37;0;32.39;32394;Bots
268;336;"Dalībnieks #336";"4. Galdiņš";37;0;33.78;33783;Bots
269;349;"Dalībnieks #349";"Čempioni";37;0;38.35;38353;Bots
270;10;"Dalībnieks #10";"Ātrie Prāti";36;0;24.84;24844;Bots
271;395;"Dalībnieks #395";"3. Galdiņš";36;0;28.63;28630;Bots
272;171;"Dalībnieks #171";"Zelta Bulta";36;0;37.18;37176;Bots
273;29;"Dalībnieks #29";"Čempioni";36;0;43.95;43954;Bots
274;68;"Dalībnieks #68";"VIP Galdiņš";36;0;44.72;44716;Bots
275;89;"Dalībnieks #89";"Čempioni";36;0;48.65;48648;Bots
276;188;"Dalībnieks #188";"VIP Galdiņš";36;0;51.16;51162;Bots
277;307;"Dalībnieks #307";"5. Galdiņš";35;0;27.12;27122;Bots
278;33;"Dalībnieks #33";"1. Galdiņš";35;0;29.54;29536;Bots
279;473;"Dalībnieks #473";"1. Galdiņš";35;0;31.92;31917;Bots
280;115;"Dalībnieks #115";"3. Galdiņš";35;0;42.03;42028;Bots
281;95;"Dalībnieks #95";"3. Galdiņš";34;0;32.10;32104;Bots
282;375;"Dalībnieks #375";"3. Galdiņš";34;0;44.67;44666;Bots
283;403;"Dalībnieks #403";"1. Galdiņš";34;0;47.33;47334;Bots
284;7;"Dalībnieks #7";"5. Galdiņš";33;0;26.66;26660;Bots
285;168;"Dalībnieks #168";"VIP Galdiņš";33;0;31.25;31254;Bots
286;445;"Dalībnieks #445";"3. Galdiņš";33;0;33.33;33327;Bots
287;58;"Dalībnieks #58";"VIP Galdiņš";33;0;34.75;34751;Bots
288;140;"Dalībnieks #140";"Ātrie Prāti";33;0;40.14;40143;Bots
289;170;"Dalībnieks #170";"Ātrie Prāti";33;0;41.83;41828;Bots
290;118;"Dalībnieks #118";"VIP Galdiņš";33;0;46.12;46123;Bots
291;120;"Dalībnieks #120";"Ātrie Prāti";33;0;49.35;49349;Bots
292;116;"Dalībnieks #116";"4. Galdiņš";32;0;25.76;25763;Bots
293;429;"Dalībnieks #429";"Čempioni";32;0;40.02;40016;Bots
294;9;"Dalībnieks #9";"Čempioni";32;0;53.06;53058;Bots
295;11;"Dalībnieks #11";"Zelta Bulta";31;0;27.14;27136;Bots
296;324;"Dalībnieks #324";"2. Galdiņš";31;0;28.09;28095;Bots
297;272;"Dalībnieks #272";"Gudrinieki";31;0;29.80;29798;Bots
298;55;"Dalībnieks #55";"3. Galdiņš";31;0;30.17;30174;Bots
299;291;"Dalībnieks #291";"Zelta Bulta";31;0;35.14;35140;Bots
300;279;"Dalībnieks #279";"Čempioni";31;0;39.91;39913;Bots
301;147;"Dalībnieks #147";"5. Galdiņš";31;0;40.06;40064;Bots
302;51;"Dalībnieks #51";"Zelta Bulta";31;0;41.19;41191;Bots
303;111;"Dalībnieks #111";"Zelta Bulta";31;0;44.31;44312;Bots
304;158;"Dalībnieks #158";"VIP Galdiņš";31;0;51.52;51524;Bots
305;320;"Dalībnieks #320";"Ātrie Prāti";31;0;58.10;58105;Bots
306;47;"Dalībnieks #47";"5. Galdiņš";30;0;32.76;32759;Bots
307;80;"Dalībnieks #80";"Ātrie Prāti";30;0;38.77;38773;Bots
308;458;"Dalībnieks #458";"VIP Galdiņš";30;0;42.77;42769;Bots
309;398;"Dalībnieks #398";"VIP Galdiņš";30;0;43.31;43310;Bots
310;206;"Dalībnieks #206";"4. Galdiņš";30;0;44.81;44814;Bots
311;154;"Dalībnieks #154";"2. Galdiņš";30;0;51.20;51200;Bots
312;198;"Dalībnieks #198";"VIP Galdiņš";29;0;29.12;29118;Bots
313;289;"Dalībnieks #289";"Čempioni";29;0;32.07;32067;Bots
314;293;"Dalībnieks #293";"1. Galdiņš";29;0;34.41;34406;Bots
315;61;"Dalībnieks #61";"Zelta Bulta";29;0;41.20;41203;Bots
316;132;"Dalībnieks #132";"Gudrinieki";29;0;43.88;43875;Bots
317;230;"Dalībnieks #230";"Ātrie Prāti";29;0;46.49;46490;Bots
318;444;"Dalībnieks #444";"2. Galdiņš";29;0;46.59;46591;Bots
319;380;"Dalībnieks #380";"Ātrie Prāti";29;0;47.06;47056;Bots
320;244;"Dalībnieks #244";"2. Galdiņš";29;0;51.13;51128;Bots
321;166;"Dalībnieks #166";"4. Galdiņš";28;0;27.07;27066;Bots
322;65;"Dalībnieks #65";"3. Galdiņš";28;0;27.18;27183;Bots
323;93;"Dalībnieks #93";"1. Galdiņš";28;0;41.41;41406;Bots
324;365;"Dalībnieks #365";"3. Galdiņš";28;0;43.59;43594;Bots
325;144;"Dalībnieks #144";"2. Galdiņš";28;0;43.92;43918;Bots
326;305;"Dalībnieks #305";"3. Galdiņš";28;0;45.98;45977;Bots
327;400;"Dalībnieks #400";"Ātrie Prāti";28;0;46.58;46584;Bots
328;364;"Dalībnieks #364";"2. Galdiņš";28;0;50.50;50497;Bots
329;500;"Dalībnieks #500";"Ātrie Prāti";28;0;52.95;52953;Bots
330;102;"Dalībnieks #102";"Gudrinieki";28;0;54.02;54022;Bots
331;246;"Dalībnieks #246";"4. Galdiņš";28;0;54.75;54746;Bots
332;238;"Dalībnieks #238";"VIP Galdiņš";27;0;34.88;34875;Bots
333;343;"Dalībnieks #343";"1. Galdiņš";27;0;36.51;36507;Bots
334;447;"Dalībnieks #447";"5. Galdiņš";27;0;36.68;36676;Bots
335;36;"Dalībnieks #36";"4. Galdiņš";27;0;39.13;39131;Bots
336;377;"Dalībnieks #377";"5. Galdiņš";27;0;39.15;39147;Bots
337;85;"Dalībnieks #85";"3. Galdiņš";27;0;44.56;44564;Bots
338;27;"Dalībnieks #27";"5. Galdiņš";27;0;44.60;44602;Bots
339;229;"Dalībnieks #229";"Čempioni";27;0;47.38;47377;Bots
340;347;"Dalībnieks #347";"5. Galdiņš";27;0;47.49;47489;Bots
341;64;"Dalībnieks #64";"2. Galdiņš";27;0;49.23;49229;Bots
342;311;"Dalībnieks #311";"Zelta Bulta";26;0;45.46;45458;Bots
343;300;"Dalībnieks #300";"Ātrie Prāti";26;0;48.78;48776;Bots
344;353;"Dalībnieks #353";"1. Galdiņš";0;0;4.46;4457;Bots
345;82;"Dalībnieks #82";"Gudrinieki";0;0;5.16;5157;Bots
346;422;"Dalībnieks #422";"Gudrinieki";0;0;5.71;5711;Bots
347;249;"Dalībnieks #249";"Čempioni";0;0;8.79;8790;Bots
348;354;"Dalībnieks #354";"2. Galdiņš";0;0;8.95;8954;Bots
349;174;"Dalībnieks #174";"2. Galdiņš";0;0;8.97;8967;Bots
350;274;"Dalībnieks #274";"2. Galdiņš";0;0;9.45;9454;Bots
351;434;"Dalībnieks #434";"2. Galdiņš";0;0;9.72;9724;Bots
352;42;"Dalībnieks #42";"Gudrinieki";0;0;10.38;10381;Bots
353;328;"Dalībnieks #328";"VIP Galdiņš";0;0;10.50;10498;Bots
354;499;"Dalībnieks #499";"Čempioni";0;0;10.56;10556;Bots
355;225;"Dalībnieks #225";"3. Galdiņš";0;0;10.61;10605;Bots
356;216;"Dalībnieks #216";"4. Galdiņš";0;0;11.12;11117;Bots
357;43;"Dalībnieks #43";"1. Galdiņš";0;0;11.12;11124;Bots
358;15;"Dalībnieks #15";"3. Galdiņš";0;0;11.72;11719;Bots
359;449;"Dalībnieks #449";"Čempioni";0;0;12.42;12421;Bots
360;492;"Dalībnieks #492";"Gudrinieki";0;0;13.11;13105;Bots
361;139;"Dalībnieks #139";"Čempioni";0;0;13.54;13543;Bots
362;315;"Dalībnieks #315";"3. Galdiņš";0;0;14.10;14098;Bots
363;366;"Dalībnieks #366";"4. Galdiņš";0;0;14.66;14658;Bots
364;160;"Dalībnieks #160";"Ātrie Prāti";0;0;14.89;14889;Bots
365;416;"Dalībnieks #416";"4. Galdiņš";0;0;15.21;15207;Bots
366;451;"Dalībnieks #451";"Zelta Bulta";0;0;15.51;15508;Bots
367;355;"Dalībnieks #355";"3. Galdiņš";0;0;17.09;17094;Bots
368;481;"Dalībnieks #481";"Zelta Bulta";0;0;17.23;17234;Bots
369;399;"Dalībnieks #399";"Čempioni";0;0;17.24;17244;Bots
370;411;"Dalībnieks #411";"Zelta Bulta";0;0;17.61;17611;Bots
371;129;"Dalībnieks #129";"Čempioni";0;0;17.63;17633;Bots
372;367;"Dalībnieks #367";"5. Galdiņš";0;0;17.76;17757;Bots
373;107;"Dalībnieks #107";"5. Galdiņš";0;0;17.78;17779;Bots
374;309;"Dalībnieks #309";"Čempioni";0;0;18.13;18130;Bots
375;207;"Dalībnieks #207";"5. Galdiņš";0;0;18.33;18329;Bots
376;161;"Dalībnieks #161";"Zelta Bulta";0;0;18.44;18443;Bots
377;141;"Dalībnieks #141";"Zelta Bulta";0;0;18.45;18454;Bots
378;378;"Dalībnieks #378";"VIP Galdiņš";0;0;19.17;19166;Bots
379;286;"Dalībnieks #286";"4. Galdiņš";0;0;19.31;19313;Bots
380;487;"Dalībnieks #487";"5. Galdiņš";0;0;19.83;19831;Bots
381;217;"Dalībnieks #217";"5. Galdiņš";0;0;20.09;20094;Bots
382;432;"Dalībnieks #432";"Gudrinieki";0;0;20.21;20209;Bots
383;53;"Dalībnieks #53";"1. Galdiņš";0;0;20.24;20236;Bots
384;443;"Dalībnieks #443";"1. Galdiņš";0;0;20.50;20503;Bots
385;408;"Dalībnieks #408";"VIP Galdiņš";0;0;20.74;20744;Bots
386;214;"Dalībnieks #214";"2. Galdiņš";0;0;21.66;21660;Bots
387;393;"Dalībnieks #393";"1. Galdiņš";0;0;21.78;21780;Bots
388;75;"Dalībnieks #75";"3. Galdiņš";0;0;21.79;21793;Bots
389;469;"Dalībnieks #469";"Čempioni";0;0;22.20;22196;Bots
390;348;"Dalībnieks #348";"VIP Galdiņš";0;0;22.23;22229;Bots
391;396;"Dalībnieks #396";"4. Galdiņš";0;0;22.29;22294;Bots
392;352;"Dalībnieks #352";"Gudrinieki";0;0;22.31;22309;Bots
393;123;"Dalībnieks #123";"1. Galdiņš";0;0;22.32;22317;Bots
394;374;"Dalībnieks #374";"2. Galdiņš";0;0;22.90;22904;Bots
395;26;"Dalībnieks #26";"4. Galdiņš";0;0;24.21;24207;Bots
396;472;"Dalībnieks #472";"Gudrinieki";0;0;24.47;24468;Bots
397;88;"Dalībnieks #88";"VIP Galdiņš";0;0;24.87;24872;Bots
398;327;"Dalībnieks #327";"5. Galdiņš";0;0;25.07;25074;Bots
399;361;"Dalībnieks #361";"Zelta Bulta";0;0;25.14;25137;Bots
400;138;"Dalībnieks #138";"VIP Galdiņš";0;0;25.15;25154;Bots
401;250;"Dalībnieks #250";"Ātrie Prāti";0;0;25.31;25313;Bots
402;489;"Dalībnieks #489";"Čempioni";0;0;25.51;25512;Bots
403;13;"Dalībnieks #13";"1. Galdiņš";0;0;25.57;25567;Bots
404;407;"Dalībnieks #407";"5. Galdiņš";0;0;25.67;25669;Bots
405;14;"Dalībnieks #14";"2. Galdiņš";0;0;25.95;25954;Bots
406;502;"Dalībnieks #502";"Gudrinieki";0;0;26.27;26275;Bots
407;57;"Dalībnieks #57";"5. Galdiņš";0;0;26.77;26767;Bots
408;104;"Dalībnieks #104";"2. Galdiņš";0;0;26.93;26935;Bots
409;22;"Dalībnieks #22";"Gudrinieki";0;0;27.26;27262;Bots
410;4;"Dalībnieks #4";"2. Galdiņš";0;0;27.64;27635;Bots
411;109;"Dalībnieks #109";"Čempioni";0;0;27.80;27803;Bots
412;228;"Dalībnieks #228";"VIP Galdiņš";0;0;28.10;28102;Bots
413;38;"Dalībnieks #38";"VIP Galdiņš";0;0;28.32;28315;Bots
414;410;"Dalībnieks #410";"Ātrie Prāti";0;0;28.42;28424;Bots
415;49;"Dalībnieks #49";"Čempioni";0;0;28.89;28885;Bots
416;90;"Dalībnieks #90";"Ātrie Prāti";0;0;28.91;28910;Bots
417;471;"Dalībnieks #471";"Zelta Bulta";0;0;28.92;28916;Bots
418;178;"Dalībnieks #178";"VIP Galdiņš";0;0;28.95;28947;Bots
419;94;"Dalībnieks #94";"2. Galdiņš";0;0;29.05;29055;Bots
420;92;"Dalībnieks #92";"Gudrinieki";0;0;29.22;29216;Bots
421;325;"Dalībnieks #325";"3. Galdiņš";0;0;29.28;29283;Bots
422;41;"Dalībnieks #41";"Zelta Bulta";0;0;29.38;29378;Bots
423;175;"Dalībnieks #175";"3. Galdiņš";0;0;29.43;29429;Bots
424;142;"Dalībnieks #142";"Gudrinieki";0;0;29.46;29457;Bots
425;335;"Dalībnieks #335";"3. Galdiņš";0;0;29.57;29575;Bots
426;148;"Dalībnieks #148";"VIP Galdiņš";0;0;29.58;29577;Bots
427;273;"Dalībnieks #273";"1. Galdiņš";0;0;29.67;29673;Bots
428;204;"Dalībnieks #204";"2. Galdiņš";0;0;29.76;29760;Bots
429;189;"Dalībnieks #189";"Čempioni";0;0;29.96;29965;Bots
430;450;"Dalībnieks #450";"Ātrie Prāti";0;0;30.13;30131;Bots
431;501;"Dalībnieks #501";"Zelta Bulta";0;0;30.22;30217;Bots
432;406;"Dalībnieks #406";"4. Galdiņš";0;0;30.56;30556;Bots
433;351;"Dalībnieks #351";"Zelta Bulta";0;0;31.00;30995;Bots
434;338;"Dalībnieks #338";"VIP Galdiņš";0;0;31.10;31102;Bots
435;296;"Dalībnieks #296";"4. Galdiņš";0;0;31.21;31208;Bots
436;494;"Dalībnieks #494";"2. Galdiņš";0;0;31.36;31355;Bots
437;125;"Dalībnieks #125";"3. Galdiņš";0;0;31.62;31620;Bots
438;87;"Dalībnieks #87";"5. Galdiņš";0;0;32.17;32175;Bots
439;477;"Dalībnieks #477";"5. Galdiņš";0;0;32.28;32281;Bots
440;209;"Dalībnieks #209";"Čempioni";0;0;32.48;32475;Bots
441;417;"Dalībnieks #417";"5. Galdiņš";0;0;32.86;32858;Bots
442;192;"Dalībnieks #192";"Gudrinieki";0;0;33.00;32996;Bots
443;381;"Dalībnieks #381";"Zelta Bulta";0;0;33.04;33042;Bots
444;44;"Dalībnieks #44";"2. Galdiņš";0;0;33.13;33134;Bots
445;301;"Dalībnieks #301";"Zelta Bulta";0;0;33.31;33307;Bots
446;215;"Dalībnieks #215";"3. Galdiņš";0;0;33.73;33731;Bots
447;340;"Dalībnieks #340";"Ātrie Prāti";0;0;33.76;33762;Bots
448;21;"Dalībnieks #21";"Zelta Bulta";0;0;33.84;33839;Bots
449;385;"Dalībnieks #385";"3. Galdiņš";0;0;34.00;34001;Bots
450;413;"Dalībnieks #413";"1. Galdiņš";0;0;34.27;34266;Bots
451;156;"Dalībnieks #156";"4. Galdiņš";0;0;34.66;34662;Bots
452;56;"Dalībnieks #56";"4. Galdiņš";0;0;34.92;34924;Bots
453;269;"Dalībnieks #269";"Čempioni";0;0;35.02;35022;Bots
454;359;"Dalībnieks #359";"Čempioni";0;0;35.34;35344;Bots
455;145;"Dalībnieks #145";"3. Galdiņš";0;0;35.69;35685;Bots
456;25;"Dalībnieks #25";"3. Galdiņš";0;0;35.72;35724;Bots
457;266;"Dalībnieks #266";"4. Galdiņš";0;0;35.75;35753;Bots
458;478;"Dalībnieks #478";"VIP Galdiņš";0;0;35.88;35882;Bots
459;131;"Dalībnieks #131";"Zelta Bulta";0;0;36.52;36518;Bots
460;485;"Dalībnieks #485";"3. Galdiņš";0;0;36.65;36649;Bots
461;457;"Dalībnieks #457";"5. Galdiņš";0;0;37.04;37043;Bots
462;177;"Dalībnieks #177";"5. Galdiņš";0;0;37.62;37621;Bots
463;278;"Dalībnieks #278";"VIP Galdiņš";0;0;37.71;37711;Bots
464;453;"Dalībnieks #453";"1. Galdiņš";0;0;38.11;38109;Bots
465;414;"Dalībnieks #414";"2. Galdiņš";0;0;38.14;38139;Bots
466;369;"Dalībnieks #369";"Čempioni";0;0;38.15;38154;Bots
467;66;"Dalībnieks #66";"4. Galdiņš";0;0;38.46;38456;Bots
468;280;"Dalībnieks #280";"Ātrie Prāti";0;0;38.80;38797;Bots
469;234;"Dalībnieks #234";"2. Galdiņš";0;0;39.01;39014;Bots
470;67;"Dalībnieks #67";"5. Galdiņš";0;0;39.89;39890;Bots
471;105;"Dalībnieks #105";"3. Galdiņš";0;0;39.94;39943;Bots
472;265;"Dalībnieks #265";"3. Galdiņš";0;0;40.25;40252;Bots
473;152;"Dalībnieks #152";"Gudrinieki";0;0;40.46;40457;Bots
474;254;"Dalībnieks #254";"2. Galdiņš";0;0;40.83;40828;Bots
475;341;"Dalībnieks #341";"Zelta Bulta";0;0;40.89;40888;Bots
476;438;"Dalībnieks #438";"VIP Galdiņš";0;0;41.35;41346;Bots
477;299;"Dalībnieks #299";"Čempioni";0;0;41.49;41486;Bots
478;253;"Dalībnieks #253";"1. Galdiņš";0;0;41.52;41522;Bots
479;45;"Dalībnieks #45";"3. Galdiņš";0;0;41.53;41526;Bots
480;162;"Dalībnieks #162";"Gudrinieki";0;0;41.71;41710;Bots
481;96;"Dalībnieks #96";"4. Galdiņš";0;0;41.92;41923;Bots
482;221;"Dalībnieks #221";"Zelta Bulta";0;0;42.08;42075;Bots
483;71;"Dalībnieks #71";"Zelta Bulta";0;0;42.28;42284;Bots
484;146;"Dalībnieks #146";"4. Galdiņš";0;0;42.39;42386;Bots
485;52;"Dalībnieks #52";"Gudrinieki";0;0;42.52;42520;Bots
486;223;"Dalībnieks #223";"1. Galdiņš";0;0;42.65;42648;Bots
487;345;"Dalībnieks #345";"3. Galdiņš";0;0;42.94;42937;Bots
488;295;"Dalībnieks #295";"3. Galdiņš";0;0;43.02;43023;Bots
489;346;"Dalībnieks #346";"4. Galdiņš";0;0;43.15;43149;Bots
490;17;"Dalībnieks #17";"5. Galdiņš";0;0;45.18;45183;Bots
491;437;"Dalībnieks #437";"5. Galdiņš";0;0;45.91;45908;Bots
492;81;"Dalībnieks #81";"Zelta Bulta";0;0;46.90;46895;Bots
493;8;"Dalībnieks #8";"VIP Galdiņš";0;0;46.95;46946;Bots
494;113;"Dalībnieks #113";"1. Galdiņš";0;0;47.03;47034;Bots
495;329;"Dalībnieks #329";"Čempioni";0;0;48.50;48501;Bots
496;100;"Dalībnieks #100";"Ātrie Prāti";0;0;48.56;48560;Bots
497;308;"Dalībnieks #308";"VIP Galdiņš";0;0;49.00;48996;Bots
498;101;"Dalībnieks #101";"Zelta Bulta";0;0;49.09;49092;Bots
499;276;"Dalībnieks #276";"4. Galdiņš";0;0;51.09;51091;Bots
500;210;"Dalībnieks #210";"Ātrie Prāti";0;0;52.05;52051;Bots
501;358;"Dalībnieks #358";"VIP Galdiņš";0;0;52.95;52953;Bots
502;133;"Dalībnieks #133";"1. Galdiņš";0;0;56.27;56267;Bots
